<?xml version="1.0"?>
<!DOCTYPE suppressions PUBLIC
        "-//Checkstyle//DTD SuppressionFilter Configuration 1.2//EN"
        "https://checkstyle.org/dtds/suppressions_1_2.dtd">
<!--
/**
 * Licensed to the Apache Software Foundation (ASF) under one
 * or more contributor license agreements.  See the NOTICE file
 * distributed with this work for additional information
 * regarding copyright ownership.  The ASF licenses this file
 * to you under the Apache License, Version 2.0 (the
 * "License"); you may not use this file except in compliance
 * with the License.  You may obtain a copy of the License at
 *
 *     http://www.apache.org/licenses/LICENSE-2.0
 *
 * Unless required by applicable law or agreed to in writing, software
 * distributed under the License is distributed on an "AS IS" BASIS,
 * WITHOUT WARRANTIES OR CONDITIONS OF ANY KIND, either express or implied.
 * See the License for the specific language governing permissions and
 * limitations under the License.
 */


  ON MVN COMPILE NOT WORKING

  If you wondering why 'mvn compile' does not work building HBase
  (in particular, if you are doing it for the first time), instead do
  'mvn package'.  If you are interested in the full story, see
  https://issues.apache.org/jira/browse/HBASE-6795.

-->
<suppressions>
  <suppress checks="." files=".*/generated/.*\.java"/>
  <suppress checks="." files=".*/generated-jamon/.*\.java"/>
  <suppress checks="MagicNumberCheck" files=".*/src/test/.*\.java"/>
  <suppress checks="VisibilityModifier" files=".*/src/test/.*\.java"/>
  <suppress checks="InterfaceIsTypeCheck" files=".*/src/main/.*\.java"/>
  <suppress checks="EmptyBlockCheck" files="org.apache.hadoop.hbase.thrift.TBoundedThreadPoolServer.java"/>
  <suppress checks="EmptyBlockCheck" files="org.apache.hadoop.hbase.http.TestServletFilter.java"/>
  <suppress checks="EmptyBlockCheck" files="org.apache.hadoop.hbase.http.TestGlobalFilter.java"/>
  <suppress checks="EmptyBlockCheck" files="org.apache.hadoop.hbase.http.TestPathFilter.java"/>
  <suppress checks="EmptyBlockCheck" files="org.apache.hadoop.hbase.backup.example.TestZooKeeperTableArchiveClient.java"/>
  <suppress checks="EqualsHashCode" files="org.apache.hadoop.hbase.favored.StartcodeAgnosticServerName.java"/>
  <suppress checks="MethodLength" files="org.apache.hadoop.hbase.tool.coprocessor.Branch1CoprocessorMethods.java"/>
  <suppress checks="IllegalImport" message="org\.apache\.htrace\.core"/>
  <suppress checks="ImportOrder" message="Extra separation in import group before"/>
  <suppress checks="MethodLength" files="org.apache.hadoop.hbase.thrift.DemoClient.java"/>
  <suppress checks="LineLength" files="org.apache.hadoop.hbase.util.ZKDataMigrator.java"/>
  <suppress checks="InnerAssignment" files="org.apache.hadoop.hbase.Waiter"/>
  <suppress checks="EmptyBlock" files="org.apache.hadoop.hbase.TestTimeout"/>
  <suppress checks="InnerAssignment" files="org.apache.hadoop.hbase.rest.PerformanceEvaluation"/>
  <suppress checks="EmptyBlock" files="org.apache.hadoop.hbase.rest.PerformanceEvaluation"/>
  <!-- Will not have a private constructor, because it is InterfaceAudience.Public -->
  <suppress checks="HideUtilityClassConstructor" files="org.apache.hadoop.hbase.util.ByteRangeUtils"/>
  <!-- Will not be final, because it is InterfaceAudience.Public -->
  <suppress checks="FinalClass" files="org.apache.hadoop.hbase.net.Address"/>
  <suppress checks="MethodLength" files="org.apache.hadoop.hbase.mob.FaultyMobStoreCompactor.java"/>
</suppressions>
