<?xml version="1.0" encoding="UTF-8" ?>
<!--
/*
 * Licensed to the Apache Software Foundation (ASF) under one
 * or more contributor license agreements.  See the NOTICE file
 * distributed with this work for additional information
 * regarding copyright ownership.  The ASF licenses this file
 * to you under the Apache License, Version 2.0 (the
 * "License"); you may not use this file except in compliance
 * with the License.  You may obtain a copy of the License at
 *
 *  http://www.apache.org/licenses/LICENSE-2.0
 *
 * Unless required by applicable law or agreed to in writing,
 * software distributed under the License is distributed on an
 * "AS IS" BASIS, WITHOUT WARRANTIES OR CONDITIONS OF ANY
 * KIND, either express or implied.  See the License for the
 * specific language governing permissions and limitations
 * under the License.
 */
-->
<!DOCTYPE struts PUBLIC
	"-//Apache Software Foundation//DTD Struts Configuration 2.5//EN"
	"https://struts.apache.org/dtds/struts-2.5.dtd">

<struts>
    <package name="tiles" extends="tiles-default" namespace="/tiles">
        <default-action-ref name="index"/>

        <action name="index">
            <result type="tiles">showcase.index</result>
            <result name="success" type="tiles">showcase.index</result>
        </action>

        <action name="freemarker">
            <result type="tiles">showcase.freemarker</result>
        </action>

        <action name="freemarkerLayout">
            <result type="tiles">showcase.freemarkerLayout</result>
        </action>

        <action name="sanity">
            <result type="redirect">/WEB-INF/tiles/layout.jsp</result>
            <result type="redirect" name="success">/tiles/layout.jsp</result>
        </action>
    </package>
</struts>


