<?xml version="1.0" encoding="UTF-8" ?>
<!--
/*
 * Licensed to the Apache Software Foundation (ASF) under one
 * or more contributor license agreements.  See the NOTICE file
 * distributed with this work for additional information
 * regarding copyright ownership.  The ASF licenses this file
 * to you under the Apache License, Version 2.0 (the
 * "License"); you may not use this file except in compliance
 * with the License.  You may obtain a copy of the License at
 *
 *  http://www.apache.org/licenses/LICENSE-2.0
 *
 * Unless required by applicable law or agreed to in writing,
 * software distributed under the License is distributed on an
 * "AS IS" BASIS, WITHOUT WARRANTIES OR CONDITIONS OF ANY
 * KIND, either express or implied.  See the License for the
 * specific language governing permissions and limitations
 * under the License.
 */
-->
<!DOCTYPE struts PUBLIC
        "-//Apache Software Foundation//DTD Struts Configuration 6.0//EN"
        "https://struts.apache.org/dtds/struts-6.0.dtd">

<struts>
    <package name="xslt" extends="xslt-default" namespace="/xslt">
        <default-action-ref name="index"/>

        <action name="index">
            <result>index.jsp</result>
        </action>

        <action name="classpath" class="org.apache.struts2.showcase.xslt.JVMAction">
            <result type="xslt">
                <param name="exposedValue">info.classpath</param>
            </result>
        </action>

        <action name="jvmInfoRaw" class="org.apache.struts2.showcase.xslt.JVMAction">
            <result type="xslt">
                <param name="exposedValue">info</param>
            </result>
        </action>

        <action name="jvmInfoAll" class="org.apache.struts2.showcase.xslt.JVMAction">
            <result type="xslt"/>
        </action>

        <action name="jvmInfo" class="org.apache.struts2.showcase.xslt.JVMAction">
            <result type="xslt">
                <param name="stylesheetLocation">/xslt/environment.xsl</param>
            </result>
        </action>

    </package>
</struts>


