<?xml version="1.0" encoding="UTF-8" ?>
<!--
/*
 * Licensed to the Apache Software Foundation (ASF) under one
 * or more contributor license agreements.  See the NOTICE file
 * distributed with this work for additional information
 * regarding copyright ownership.  The ASF licenses this file
 * to you under the Apache License, Version 2.0 (the
 * "License"); you may not use this file except in compliance
 * with the License.  You may obtain a copy of the License at
 *
 *  http://www.apache.org/licenses/LICENSE-2.0
 *
 * Unless required by applicable law or agreed to in writing,
 * software distributed under the License is distributed on an
 * "AS IS" BASIS, WITHOUT WARRANTIES OR CONDITIONS OF ANY
 * KIND, either express or implied.  See the License for the
 * specific language governing permissions and limitations
 * under the License.
 */
-->
<!DOCTYPE struts PUBLIC
	"-//Apache Software Foundation//DTD Struts Configuration 2.5//EN"
	"https://struts.apache.org/dtds/struts-2.5.dtd">

<struts>
	<package name="actionchaining" extends="struts-default" namespace="/actionchaining">
		<action name="actionChain1" class="org.apache.struts2.showcase.actionchaining.ActionChain1">
			<result type="chain">actionChain2</result>
		</action>
		<action name="actionChain2" class="org.apache.struts2.showcase.actionchaining.ActionChain2">
			<result type="chain">actionChain3</result>
		</action>
		<action name="actionChain3" class="org.apache.struts2.showcase.actionchaining.ActionChain3">
			<result>/WEB-INF/actionchaining/actionChainingResult.jsp</result>
		</action>
	</package>
</struts>


