<?xml version="1.0" encoding="UTF-8" ?>
<!--
/*
 * Licensed to the Apache Software Foundation (ASF) under one
 * or more contributor license agreements.  See the NOTICE file
 * distributed with this work for additional information
 * regarding copyright ownership.  The ASF licenses this file
 * to you under the Apache License, Version 2.0 (the
 * "License"); you may not use this file except in compliance
 * with the License.  You may obtain a copy of the License at
 *
 *  http://www.apache.org/licenses/LICENSE-2.0
 *
 * Unless required by applicable law or agreed to in writing,
 * software distributed under the License is distributed on an
 * "AS IS" BASIS, WITHOUT WARRANTIES OR CONDITIONS OF ANY
 * KIND, either express or implied.  See the License for the
 * specific language governing permissions and limitations
 * under the License.
 */
-->
<!DOCTYPE struts PUBLIC
	"-//Apache Software Foundation//DTD Struts Configuration 2.5//EN"
	"https://struts.apache.org/dtds/struts-2.5.dtd">

<struts>
	<package name="fileupload" extends="struts-default" namespace="/fileupload">

        <action name="upload" class="org.apache.struts2.showcase.fileupload.FileUploadAction" method="input">
			<result>/WEB-INF/fileupload/upload.jsp</result>
		</action>

        <action name="doUpload" class="org.apache.struts2.showcase.fileupload.FileUploadAction" method="upload">
        	<result name="input">/WEB-INF/fileupload/upload.jsp</result>
			<result>/WEB-INF/fileupload/upload-success.jsp</result>
		</action>

		<action name="multipleUploadUsingList">
			<result>/WEB-INF/fileupload/multipleUploadUsingList.jsp</result>
		</action>

		<action name="doMultipleUploadUsingList" class="org.apache.struts2.showcase.fileupload.MultipleFileUploadUsingListAction" method="upload">
                        <result name="input">/WEB-INF/fileupload/multipleUploadUsingList.jsp</result>
			<result>/WEB-INF/fileupload/multiple-success.jsp</result>
		</action>


		<action name="multipleUploadUsingArray">
			<result>/WEB-INF/fileupload/multipleUploadUsingArray.jsp</result>
		</action>

		<action name="doMultipleUploadUsingArray" class="org.apache.struts2.showcase.fileupload.MultipleFileUploadUsingArrayAction" method="upload">
                        <result name="input">/WEB-INF/fileupload/multipleUploadUsingArray.jsp</result>
			<result>/WEB-INF/fileupload/multiple-success.jsp</result>
		</action>


    </package>
</struts>


