<?xml version="1.0" encoding="UTF-8" ?>
<!--
/*
 * Licensed to the Apache Software Foundation (ASF) under one
 * or more contributor license agreements.  See the NOTICE file
 * distributed with this work for additional information
 * regarding copyright ownership.  The ASF licenses this file
 * to you under the Apache License, Version 2.0 (the
 * "License"); you may not use this file except in compliance
 * with the License.  You may obtain a copy of the License at
 *
 *  http://www.apache.org/licenses/LICENSE-2.0
 *
 * Unless required by applicable law or agreed to in writing,
 * software distributed under the License is distributed on an
 * "AS IS" BASIS, WITHOUT WARRANTIES OR CONDITIONS OF ANY
 * KIND, either express or implied.  See the License for the
 * specific language governing permissions and limitations
 * under the License.
 */
-->
<!DOCTYPE struts PUBLIC
	"-//Apache Software Foundation//DTD Struts Configuration 2.5//EN"
	"https://struts.apache.org/dtds/struts-2.5.dtd">

<struts>
	<package name="filedownload" extends="struts-default" namespace="/filedownload">

        <default-action-ref name="download"/>

        <action name="index">
            <result>/WEB-INF/filedownload/index.jsp</result>
        </action>

        <action name="download" class="org.apache.struts2.showcase.filedownload.FileDownloadAction">
            <param name="inputPath">/images/struts.gif</param>
			<result name="success" type="stream">
                <param name="contentType">image/gif</param>
                <param name="inputName">inputStream</param>
                <param name="contentDisposition">filename="struts.gif"</param>
                <param name="bufferSize">4096</param>
            </result>
        </action>

        <action name="download2" class="org.apache.struts2.showcase.filedownload.FileDownloadAction">
            <param name="inputPath">/images/struts-gif.zip</param>
            <result name="success" type="stream">
                <param name="contentType">application/zip</param>
                <param name="inputName">inputStream</param>
                <param name="contentDisposition">filename="struts-gif.zip"</param>
                <param name="bufferSize">4096</param>
            </result>
        </action>

    </package>
</struts>
