<?xml version="1.0" encoding="UTF-8" ?>
<!--
/*
 * Licensed to the Apache Software Foundation (ASF) under one
 * or more contributor license agreements.  See the NOTICE file
 * distributed with this work for additional information
 * regarding copyright ownership.  The ASF licenses this file
 * to you under the Apache License, Version 2.0 (the
 * "License"); you may not use this file except in compliance
 * with the License.  You may obtain a copy of the License at
 *
 *  http://www.apache.org/licenses/LICENSE-2.0
 *
 * Unless required by applicable law or agreed to in writing,
 * software distributed under the License is distributed on an
 * "AS IS" BASIS, WITHOUT WARRANTIES OR CONDITIONS OF ANY
 * KIND, either express or implied.  See the License for the
 * specific language governing permissions and limitations
 * under the License.
 */
-->
<!DOCTYPE struts PUBLIC
	"-//Apache Software Foundation//DTD Struts Configuration 2.5//EN"
	"https://struts.apache.org/dtds/struts-2.5.dtd">

<struts>
	<package name="hangman" extends="struts-default" namespace="/hangman">
		<action name="hangmanAjax" class="startHangmanAction">
			<result type="freemarker">/WEB-INF/hangman/hangmanAjax.ftl</result>
		</action>
		<action name="hangmanNonAjax" class="startHangmanAction">
			<result type="freemarker">/WEB-INF/hangman/hangmanNonAjax.ftl</result>
		</action>
		<action name="test">
			<result type="freemarker">/hangman/test.ftl</result>
		</action>
		<action name="guessCharacter" class="guessCharacterAction">
			<result type="freemarker">/WEB-INF/hangman/blank.ftl</result>
		</action>
		<action name="guessCharacterNonAjax" class="guessCharacterAction">
			<result type="freemarker">/WEB-INF/hangman/hangmanNonAjax.ftl</result>
		</action>
	</package>



	<package name="hangman-ajax" extends="struts-default" namespace="/hangman/ajax">
		<action name="blank">
			<result type="freemarker">/WEB-INF/hangman/blank.ftl</result>
		</action>
		<action name="updateVocabCharacters" class="getUpdatedHangmanAction">
			<result type="freemarker">/WEB-INF/hangman/updateVocabCharacters.ftl</result>
		</action>
		<action name="updateCharacterAvailable" class="getUpdatedHangmanAction">
			<result type="freemarker">/WEB-INF/hangman/updateCharacterAvailable.ftl</result>
		</action>
		<action name="updateScaffold" class="getUpdatedHangmanAction">
			<result type="freemarker">/WEB-INF/hangman/updateScaffold.ftl</result>
		</action>
		<action name="updateGuessLeft" class="getUpdatedHangmanAction">
			<result type="freemarker">/WEB-INF/hangman/updateGuessLeft.ftl</result>
		</action>
	</package>
</struts>
